pos	chr	genomicPos	ref_id	strand	ref_kmer	GMM_logit_pvalue	GMM_logit_pvalue_context_2	KS_dwell_pvalue	KS_dwell_pvalue_context_2	KS_intensity_pvalue	KS_intensity_pvalue_context_2	GMM_cov_type	GMM_n_clust	cluster_counts	Logit_LOR
82	6	52995631	ENST00000636484	+	GATCT	2.6976546031901638e-08	0.008680386906514723	6.8775866656630365e-06	0.017294741849596847	6.218547807593595e-29	1.2890729403169095e-08	full	2	WT_1:54/13__WT_2:651/175__IVT_1:3386/509	-0.5754209046658016
83	6	52995632	ENST00000636484	+	ATCTG	0.503093781437968	0.004572196986088454	0.3465561861224884	0.01186326632301965	2.795625923125603e-07	3.8198518554184156e-09	full	2	WT_1:252/9__WT_2:1657/48__IVT_1:4107/143	0.14353723902180668
84	6	52995633	ENST00000636484	+	TCTGG	0.1508469369673153	0.00402538220983053	0.059978522197527716	0.011035779264301203	0.5453770426214358	3.607069941813145e-09	full	2	WT_1:261/12__WT_2:1689/88__IVT_1:4149/168	-0.23998807451981524
85	6	52995634	ENST00000636484	+	CTGGC	0.1628798379110788	0.2044281994532357	0.38929902283386364	0.09427008442949111	0.005763876338874635	0.0012634694269043787	full	2	WT_1:40/230__WT_2:239/1492__IVT_1:520/3696	0.14249428382458307
86	6	52995635	ENST00000636484	+	TGGCT	0.6003849538890309	0.21629709586908605	0.8817980640119195	0.08010007381361982	0.700242916105326	0.031862983318659825	full	2	WT_1:172/141__WT_2:1079/804__IVT_1:2546/1850	-0.038935179797794865
87	6	52995636	ENST00000636484	+	GGCTG	0.3876724562749253	0.08677762459403396	0.02558782551332389	0.023633233332627342	0.0005020908839669209	0.0015947079401682023	full	2	WT_1:50/272__WT_2:350/1654__IVT_1:736/3837	0.08036054327051258
88	6	52995637	ENST00000636484	+	GCTGC	0.6529209286862865	0.08677762459403396	0.19193216008857658	0.026538278278143587	0.3420403434810954	0.002155600134714393	full	2	WT_1:287/46__WT_2:1952/111__IVT_1:4351/326	0.06320549418359055
89	6	52995638	ENST00000636484	+	CTGCG	0.002770864262415638	0.030703330187586628	0.0005473024065805148	0.026256614501281226	1.432794576016408e-06	0.0009491381271047961	full	2	WT_1:91/246__WT_2:387/1693__IVT_1:773/3932	0.2268432441956251
90	6	52995639	ENST00000636484	+	TGCGA	0.16229713081898048	0.03552090676869122	0.5465304338000236	0.07575057390870174	0.023057745089088057	0.0014136358269829076	full	2	WT_1:100/239__WT_2:692/1357__IVT_1:1640/3002	-0.09575294968692373
91	6	52995640	ENST00000636484	+	GCGAC	0.011099542906054216	0.03289866431554483	0.8410263704845394	0.11247173005097227	0.016359408959088106	0.0017690078188399687	full	2	WT_1:116/220__WT_2:917/1129__IVT_1:2183/2446	-0.15296508978622717
92	6	52995641	ENST00000636484	+	CGACA	0.6273005722136	0.1390694082344368	0.9998591249740822	0.6150202844495732	0.003744991676105742	0.027459791654271017	full	2	WT_1:35/304__WT_2:356/1717__IVT_1:731/3952	0.04586898954541842
93	6	52995642	ENST00000636484	+	GACAT	0.4912833674210011	0.21268850023086383	0.7627628186702298	0.6760153128757472	0.965960609423643	0.04000538709571597	full	2	WT_1:193/148__WT_2:888/1203__IVT_1:2038/2671	0.04759396688560016
94	6	52995643	ENST00000636484	+	ACATC	0.6625497690938623	0.5967794435286793	0.4736219945918042	0.6085360692335385	0.181086992000338	0.0010073377264785766	full	2	WT_1:176/167__WT_2:859/1240__IVT_1:1968/2758	0.03053938167960161
95	6	52995644	ENST00000636484	+	CATCT	0.9834919384076407	0.1646362722351914	0.7853953677669937	0.1508815586926634	0.11234327929984969	0.0013482795607059337	full	2	WT_1:235/114__WT_2:937/1176__IVT_1:2271/2496	-0.001423031754437233
96	6	52995645	ENST00000636484	+	ATCTG	0.6273005722136	0.18252807701242735	0.5637336484077783	0.07366911196175942	1.2271450624397626e-09	0.0012390886463355946	full	2	WT_1:235/114__WT_2:1429/681__IVT_1:3188/1579	0.035698675581115384
97	6	52995646	ENST00000636484	+	TCTGT	0.003459300706427095	0.0596259719925782	0.005813760707603232	0.07575057390870174	0.01552721602710874	5.9151439101009876e-05	full	2	WT_1:332/18__WT_2:2031/97__IVT_1:4477/321	0.3821399358053353
98	6	52995647	ENST00000636484	+	CTGTC	0.7234362469807483	0.00045265464563978814	0.05558920799558161	0.0004785090853735819	0.6342907515050535	1.3827124260006296e-05	full	2	WT_1:313/27__WT_2:1795/242__IVT_1:4042/537	0.03866351200141388
99	6	52995648	ENST00000636484	+	TGTCA	0.006735204327989208	0.000126190517494014	0.525705982955739	0.00033108659819742884	1.8963203326348395e-07	0.00010494644245730389	full	2	WT_1:199/139__WT_2:599/1416__IVT_1:1356/3145	0.17434266481129063
100	6	52995649	ENST00000636484	+	GTCAC	3.937984185691567e-09	9.020091282873019e-05	5.30960889119111e-09	0.000681846973610314	0.00022608278323320828	8.785001725162197e-05	full	2	WT_1:206/139__WT_2:1357/740__IVT_1:2634/2058	0.3284172596853315
101	6	52995650	ENST00000636484	+	TCACC	0.009207722796785006	5.266930651184683e-05	0.20117038407189297	0.001414169006817086	1.1595551068999272e-05	5.430679038486353e-12	full	2	WT_1:123/225__WT_2:668/1457__IVT_1:1702/3075	-0.16253315241353392
102	6	52995651	ENST00000636484	+	CACCC	0.0009833866583459148	0.00015134841942583135	0.05877278129372475	0.0015743064831886078	0.006784375866735328	1.56072730600808e-14	full	2	WT_1:314/35__WT_2:1865/271__IVT_1:4046/752	0.27856649111996606
103	6	52995652	ENST00000636484	+	ACCCC	0.14192494530292163	0.017435119500063566	0.5701758654736635	0.18868824700075698	1.7561586183697263e-32	5.382699235547117e-14	full	2	WT_1:44/298__WT_2:222/1884__IVT_1:585/4124	-0.14970518895792473
104	6	52995653	ENST00000636484	+	CCCCA	0.28702343185003276	0.04612331654882331	0.7412154592051713	0.24107301632677053	1.6266902772839523e-18	5.274906502844979e-13	full	2	WT_1:121/209__WT_2:994/959__IVT_1:2180/2123	-0.07288020237061243
105	6	52995654	ENST00000636484	+	CCCAT	0.46079464695936123	0.18880467721442704	0.5465304338000236	0.3173064944720074	0.04023449409511498	1.2452863172587104e-12	full	2	WT_1:250/91__WT_2:1612/452__IVT_1:3567/978	-0.06223472742374162
106	6	52995655	ENST00000636484	+	CCATT	0.3175489982954644	0.2357338474321859	0.4736219945918042	0.23436273100838073	0.16769781727966146	1.7346151021247147e-05	full	2	WT_1:336/11__WT_2:1944/211__IVT_1:4273/467	0.11336031086282342
107	6	52995656	ENST00000636484	+	CATTG	0.3847005990157825	0.25663510941259005	0.16232357873187933	0.08229206795680105	0.19421301404351796	0.13209021925324918	full	2	WT_1:219/128__WT_2:1320/845__IVT_1:2867/1925	0.05995678240370052
108	6	52995657	ENST00000636484	+	ATTGA	0.34536560432958785	0.15966079228047084	0.19839599246206055	0.03884146384760755	0.22540796492250414	0.03036312982914517	full	2	WT_1:238/107__WT_2:1461/712__IVT_1:3335/1505	-0.06623616533278946
109	6	52995658	ENST00000636484	+	TTGAT	0.3960774986358445	0.11977476088803325	0.01396365034769756	0.04466440911483622	0.6342907515050535	0.014355878208982984	full	2	WT_1:46/308__WT_2:548/1635__IVT_1:1081/3782	0.06776458575184566
110	6	52995659	ENST00000636484	+	TGATC	0.06082540165732471	0.08677762459403396	0.033692752229418005	0.0687670554408792	6.774797494122232e-05	0.0017851031220112213	full	2	WT_1:60/294__WT_2:1108/1062__IVT_1:2375/2458	-0.11479133662914642
111	6	52995660	ENST00000636484	+	GATCG	0.10137790756956357	0.06672055616030538	0.7991416240431867	0.056097822937235794	0.0072062009276850775	0.0008199747079638497	full	2	WT_1:168/174__WT_2:1663/489__IVT_1:3615/1162	-0.11948417323576203
112	6	52995661	ENST00000636484	+	ATCGC	0.13266498113158579	0.08305775447319438	0.6493865005764625	0.12209698716615426	2.728686208954784e-05	0.0008655819687205678	full	2	WT_1:321/25__WT_2:2053/127__IVT_1:4498/351	0.19433554183323254
113	6	52995662	ENST00000636484	+	TCGCC	0.1459185047683003	0.13304144115631922	0.09273757009847092	0.2633738798212365	0.005454609500272426	0.0016155522335052864	full	2	WT_1:315/32__WT_2:1993/188__IVT_1:4496/363	-0.16760481129722282
114	6	52995663	ENST00000636484	+	CGCCA	0.7234362469807483	0.16130164439048067	0.3423320903011947	0.2814689673513757	0.8332667859413652	0.0033904510930390613	full	2	WT_1:44/296__WT_2:528/1626__IVT_1:1123/3667	-0.028003225951317316
115	6	52995664	ENST00000636484	+	GCCAG	0.32114910220045667	0.22241035579883198	0.5637336484077783	0.28231686215571195	0.0014139015411234954	0.0260588682853533	full	2	WT_1:19/317__WT_2:125/1988__IVT_1:313/4358	-0.13593099207829265
116	6	52995665	ENST00000636484	+	CCAGG	0.24904442254241166	0.28564843020836583	0.9386371387690107	0.5603752705779405	0.16805859053343633	0.043022785605074707	full	2	WT_1:51/229__WT_2:477/1409__IVT_1:923/3152	0.0965444410178471
117	6	52995666	ENST00000636484	+	CAGGG	0.49271965325172784	0.2907735617381993	0.6710090087218493	0.3621044129646828	0.16906179187605297	0.007263547696373166	full	2	WT_1:139/87__WT_2:878/319__IVT_1:1967/734	-0.06812056673148838
118	6	52995667	ENST00000636484	+	AGGGT	0.417303340704867	0.28327213762473485	0.9824088107730422	0.24705867413749608	0.04637331623305918	0.004344056252368342	full	2	WT_1:170/167__WT_2:842/1127__IVT_1:1869/2533	0.058266181147496335
119	6	52995668	ENST00000636484	+	GGGTT	0.7758396413026717	0.26304048093298704	0.059879228413281964	0.24847742771371722	0.00046252648473349726	0.006680376855320747	full	2	WT_1:276/78__WT_2:1788/372__IVT_1:3987/848	-0.025567778877925242
120	6	52995669	ENST00000636484	+	GGTTG	0.28702343185003276	0.04801236714774666	0.15256406377777157	0.1719903782804659	0.0001538012158727499	0.004705802127650772	full	2	WT_1:115/241__WT_2:1052/1117__IVT_1:2325/2524	-0.06936524213212271
121	6	52995670	ENST00000636484	+	GTTGA	0.17732683528229354	0.05761565696064484	0.9824088107730422	0.044537100156911244	0.9473994624333467	0.002829182825734986	full	2	WT_1:350/8__WT_2:2146/44__IVT_1:4746/133	0.2851250581272439
122	6	52995671	ENST00000636484	+	TTGAT	0.0002903717505667367	0.05619276242298745	0.17188042205357368	0.08957969278513644	0.039822892391280125	0.010422227910517138	full	2	WT_1:256/100__WT_2:1939/244__IVT_1:4352/501	-0.3091720362625049
123	6	52995672	ENST00000636484	+	TGATT	0.7305278728035903	0.02397378494755286	0.00702004432514526	0.12119336709649159	0.00526306605390781	0.0014352928869506938	full	2	WT_1:272/61__WT_2:1688/449__IVT_1:3725/998	0.02850446347966162
124	6	52995673	ENST00000636484	+	GATTC	0.7120356189290069	0.026414245678406625	0.6815265099097062	0.11556258433029272	0.12683017617669134	0.0007450096741915788	full	2	WT_1:143/191__WT_2:881/1272__IVT_1:1938/2843	0.026559332731730972
125	6	52995674	ENST00000636484	+	ATTCG	0.011099542906054216	0.13576755610521196	0.5242985468033934	0.1856846579386538	2.183441242638105e-08	0.0007059765062059439	full	2	WT_1:258/77__WT_2:1771/353__IVT_1:3765/969	0.1932103442124179
126	6	52995675	ENST00000636484	+	TTCGG	0.25913362135488033	0.08718088202761874	0.8466283133512179	0.5279527978722058	0.041822068619308976	0.001249108260838431	full	2	WT_1:203/150__WT_2:1175/992__IVT_1:2545/2272	0.07427925873368303
127	6	52995676	ENST00000636484	+	TCGGC	0.23290470448447503	0.02910556174089116	0.869203734328089	0.09733296812708293	0.03230192978783094	0.001744941782362019	full	2	WT_1:35/323__WT_2:207/1986__IVT_1:411/4481	0.13485994483605854
128	6	52995677	ENST00000636484	+	CGGCT	0.17912132656092883	0.048214164197881645	0.38929902283386364	0.09955276838725796	0.08149249186831245	0.04619665444217081	full	2	WT_1:214/149__WT_2:1407/802__IVT_1:3192/1716	-0.08753213193331466
129	6	52995678	ENST00000636484	+	GGCTG	0.01097110964667719	0.028153216853451506	0.0009385602699415479	0.017093461169308613	0.5808939470661909	0.04494777006316824	full	2	WT_1:93/269__WT_2:471/1743__IVT_1:933/3988	0.18126371918321268
130	6	52995679	ENST00000636484	+	GCTGA	0.08385728083899699	0.03511904521963077	0.5465304338000236	0.0173494810238209	0.03808754400540168	0.01481643374093705	full	2	WT_1:8/348__WT_2:65/2145__IVT_1:189/4712	-0.30652217827257217
131	6	52995680	ENST00000636484	+	CTGAT	0.034647066752867536	0.039046206207444575	0.001393496574147021	0.015971182666948483	0.03574125716185919	0.0016063135271770887	full	2	WT_1:310/50__WT_2:1893/300__IVT_1:4310/568	-0.18780179381386478
132	6	52995681	ENST00000636484	+	TGATC	0.4921890126203761	0.06993154079969412	0.9923524258265827	0.09672435934982068	0.00028029827724725977	0.0006265854280184973	full	2	WT_1:96/263__WT_2:519/1635__IVT_1:1227/3587	-0.05362763280716976
133	6	52995682	ENST00000636484	+	GATCT	0.26748655481971045	0.1357578559576702	0.24941725082529492	0.11279850277324761	5.296782853187295e-06	0.0009136954894425131	full	2	WT_1:222/133__WT_2:1364/804__IVT_1:3097/1697	-0.07545488258533543
134	6	52995683	ENST00000636484	+	ATCTG	0.12543023573377438	0.2606015364201797	0.6891874604425424	0.38391538496652716	0.00729180177596663	0.0010790297843590424	full	2	WT_1:5/352__WT_2:14/2142__IVT_1:62/4718	-0.5100942692967497
135	6	52995684	ENST00000636484	+	TCTGG	0.7234362469807483	0.28526845731208783	0.9824088107730422	0.33918322692054365	0.2068872375504262	0.0005954821000505626	full	2	WT_1:342/12__WT_2:2109/79__IVT_1:4625/184	0.06377870229400215
136	6	52995685	ENST00000636484	+	CTGGC	0.6292556272407676	0.4045257571400737	0.16232357873187933	0.1764990584579618	0.07836064606916462	0.00048939180274327	full	2	WT_1:55/288__WT_2:337/1696__IVT_1:770/3721	-0.045236517613163364
137	6	52995686	ENST00000636484	+	TGGCT	0.7180275186822858	0.2341991156774173	0.683719738800794	0.07477660908777796	1.5663193017478417e-05	0.00032003291506158297	full	2	WT_1:126/220__WT_2:801/1247__IVT_1:1777/2739	-0.026155693079995445
138	6	52995687	ENST00000636484	+	GGCTG	0.8364828780912271	0.24150547475345266	0.021279075682934002	0.033388779735255676	2.297467094830815e-06	0.00028731596671512154	full	2	WT_1:332/23__WT_2:1982/180__IVT_1:4381/375	-0.026626404089400924
139	6	52995688	ENST00000636484	+	GCTGG	0.011673011223920123	0.2044281994532357	0.026257108412880262	0.04466440911483622	0.0010329561486869569	0.00037432217133086487	full	2	WT_1:7/357__WT_2:63/2144__IVT_1:201/4680	-0.41916647008667396
140	6	52995689	ENST00000636484	+	CTGGC	0.8230139881975059	0.2044281994532357	0.062220767962930586	0.027750741074210192	0.1296955418066407	3.6828592912504135e-05	full	2	WT_1:304/37__WT_2:1794/288__IVT_1:3980/603	-0.02339518661157403
141	6	52995690	ENST00000636484	+	TGGCT	0.32114910220045667	0.15650964193882966	0.49616072158020696	0.03934879890357511	0.2438567534650003	0.0005395032645679034	full	2	WT_1:172/177__WT_2:1115/969__IVT_1:2504/2087	-0.06614127498150611
142	6	52995691	ENST00000636484	+	GGCTA	0.7180275186822858	0.4119643826008235	0.13594527874367912	0.05325979575582214	5.391764815544157e-10	0.0016385837228878345	full	2	WT_1:89/259__WT_2:498/1604__IVT_1:1086/3549	0.029772948001340328
143	6	52995692	ENST00000636484	+	GCTAG	0.27872264694066584	0.20314051266019192	0.08079146401493714	0.11002975417446281	0.27671427098245105	0.0015015866521890554	full	2	WT_1:232/129__WT_2:1769/410__IVT_1:3859/953	-0.08742597069374229
144	6	52995693	ENST00000636484	+	CTAGG	0.7180275186822858	0.1578932857494716	0.08079146401493714	0.10889882642302323	0.1967448492653092	0.0009901815823637483	full	2	WT_1:322/19__WT_2:1850/262__IVT_1:4139/558	0.03965531565405723
145	6	52995694	ENST00000636484	+	TAGGC	0.05291597814726165	0.16702835261762858	0.8315546764752827	0.08352069492027395	0.08149249186831245	0.04071744137486695	full	2	WT_1:179/167__WT_2:810/1219__IVT_1:1756/2786	0.12416446210865535
146	6	52995695	ENST00000636484	+	AGGCG	0.11835677525397077	0.024397676114117164	0.4690597807992945	0.05493226510747095	0.033878197854079535	0.0050339813452951535	full	2	WT_1:84/271__WT_2:662/1522__IVT_1:1535/3313	-0.10716357320703496
147	6	52995696	ENST00000636484	+	GGCGG	0.9290228122827962	0.010962880039564435	0.05186864325320203	0.1125400196287731	0.008735888317084543	0.003752489770930454	full	2	WT_1:77/278__WT_2:588/1608__IVT_1:1276/3594	-0.006423460705553008
148	6	52995697	ENST00000636484	+	GCGGG	8.628968838791031e-05	0.013150101834986376	0.014707804311956969	0.10841366779061723	3.810768014643902e-05	0.004813855431488552	full	2	WT_1:167/195__WT_2:816/1398__IVT_1:1616/3283	0.22611364869730521
149	6	52995698	ENST00000636484	+	CGGGT	0.05507128672530283	0.008365813731415213	0.9998591249740822	0.11016050201350433	0.05613222672937314	0.004921795405295915	full	2	WT_1:326/28__WT_2:1871/262__IVT_1:4074/645	0.18015334589971221
150	6	52995699	ENST00000636484	+	GGGTG	0.10269189382475627	0.00216965231281141	0.6655119484873483	0.05914267870941029	0.23324494462239392	0.011425740524954346	full	2	WT_1:25/315__WT_2:158/1810__IVT_1:411/3915	-0.19525914699203503
151	6	52995700	ENST00000636484	+	GGTGT	0.020378956432153175	0.021813468018341494	0.525705982955739	0.15516771205089488	0.037197417630031475	0.012291643711999202	full	2	WT_1:133/230__WT_2:1556/594__IVT_1:3345/1408	-0.14778494806564768
152	6	52995701	ENST00000636484	+	GTGTC	0.007893615774311094	0.004338997956883121	0.004294844129083586	0.0027645399058884032	0.2985083440489635	1.1090413313446059e-05	full	2	WT_1:242/121__WT_2:1356/849__IVT_1:3233/1673	-0.15969654454500073
153	6	52995702	ENST00000636484	+	TGTCC	0.5051377496837322	0.000169473102319813	0.6028121043306529	6.581049067788757e-05	5.220218864122669e-05	6.465005411521355e-12	full	2	WT_1:32/327__WT_2:292/1919__IVT_1:656/4253	-0.06559511258002229
154	6	52995703	ENST00000636484	+	GTCCC	0.0001309248344950011	1.3036095215121777e-08	3.223057864320139e-07	4.6137212807522253e-10	6.784546092919158e-16	1.0058568311769152e-21	full	2	WT_1:268/95__WT_2:1780/435__IVT_1:3677/1230	0.2558028480171486
155	6	52995704	ENST00000636484	+	TCCCC	2.8190985667098056e-07	3.834024502764699e-09	3.01753989356858e-06	1.8698664999479304e-10	2.2382183594599398e-28	1.3302699692682987e-24	full	2	WT_1:141/223__WT_2:1127/1097__IVT_1:2754/2178	-0.27471122345033266
156	6	52995705	ENST00000636484	+	CCCCT	2.8729069290081985e-17	2.977554516556649e-10	4.646960188868794e-17	6.016402639894663e-13	1.1852322867319733e-43	2.688194583961067e-27	full	2	WT_1:265/100__WT_2:1454/772__IVT_1:2755/2189	0.4482652046448945
157	6	52995706	ENST00000636484	+	CCCTT	0.00011112511670385322	4.1939725108896935e-09	0.0002674631857820383	5.266666709951859e-11	8.882572506621085e-13	2.4504859684160106e-24	full	2	WT_1:259/104__WT_2:1005/1219__IVT_1:2153/2791	0.21384627083059796
158	6	52995707	ENST00000636484	+	CCTTC	0.00022528642823968018	5.876867618893564e-09	2.172673972728699e-08	1.5285444290445156e-11	4.3706311465317235e-16	3.3435719866774222e-18	full	2	WT_1:206/157__WT_2:1335/886__IVT_1:3188/1749	-0.21007081441180747
159	6	52995708	ENST00000636484	+	CTTCC	0.4763356836984582	0.000255259297158478	0.1837883901732791	1.5550458249224472e-06	0.0010885127626776507	5.228827650524521e-13	full	2	WT_1:97/266__WT_2:615/1607__IVT_1:1414/3527	-0.05274743533472586
160	6	52995709	ENST00000636484	+	TTCCT	1.0887067766420352e-06	0.00012651144293987263	6.18261671232367e-08	8.888307954402862e-07	0.003729474354693601	1.6823107148993572e-10	full	2	WT_1:99/264__WT_2:661/1565__IVT_1:1758/3187	-0.28278959280123445
161	6	52995710	ENST00000636484	+	TCCTC	0.697728177232302	1.3047928051953651e-05	0.11733318466279324	2.2274169280448976e-05	3.0929268226126863e-21	5.971762536479067e-09	full	2	WT_1:230/135__WT_2:1500/727__IVT_1:3336/1616	-0.028459755081484465
162	6	52995711	ENST00000636484	+	CCTCC	8.167810110547728e-06	9.150279865729058e-07	4.1730674118073946e-05	4.710955710985533e-06	0.029603580646105947	6.054271793788509e-10	full	2	WT_1:184/181__WT_2:1192/1037__IVT_1:2328/2628	0.24304092409292316
163	6	52995712	ENST00000636484	+	CTCCC	4.128117619352995e-08	5.397651261789289e-05	0.0010218085563149346	0.0004785090853735819	3.313201397676479e-09	1.922551435165178e-11	full	2	WT_1:174/189__WT_2:1038/1191__IVT_1:2678/2278	-0.2914180847641663
164	6	52995713	ENST00000636484	+	TCCCT	0.0001442189060338032	4.9180698472576455e-05	0.0015554414864769699	0.0009636159956153953	5.5836567222886877e-08	4.1880537736825947e-07	full	2	WT_1:143/221__WT_2:1085/1145__IVT_1:2606/2350	-0.2097770925513491
165	6	52995714	ENST00000636484	+	CCCTC	0.5370964007430334	0.0008896030844799164	0.16471833788058696	0.008355588620676828	2.0315549234157986e-09	3.2935360196849616e-07	full	2	WT_1:275/89__WT_2:1570/660__IVT_1:3571/1386	-0.04527931314911625
166	6	52995715	ENST00000636484	+	CCTCA	0.474322159597782	0.060609315986624036	0.9218916243895833	0.0611657744826725	0.022711546342078517	4.0735758642425355e-07	full	2	WT_1:127/234__WT_2:846/1382__IVT_1:1917/3030	-0.04930693432015199
167	6	52995716	ENST00000636484	+	CTCAC	0.28953272076573316	0.26803991311075287	0.10133172786457792	0.18801109670015945	0.010082493616875922	3.0894287264256203e-06	full	2	WT_1:185/175__WT_2:1171/1056__IVT_1:2507/2436	0.06791966761379906
168	6	52995717	ENST00000636484	+	TCACC	0.8835112318462535	0.10582352538923759	0.9998591249740822	0.08820019612935423	8.720663780173364e-09	1.7175990557924525e-05	full	2	WT_1:211/150__WT_2:1432/796__IVT_1:3112/1811	0.010432798591364903
169	6	52995718	ENST00000636484	+	CACCG	0.1324643730594623	0.02730471196325309	0.14120466812967536	0.07247230343324088	0.0003095871858137511	1.445281573767716e-06	full	2	WT_1:206/154__WT_2:1172/1051__IVT_1:2510/2413	0.09465354300606385
170	6	52995719	ENST00000636484	+	ACCGC	0.009207722796785006	0.034803923772719854	0.007479575182074054	0.10257263987511683	3.181651901899718e-06	2.7805141585285183e-06	full	2	WT_1:264/96__WT_2:1242/973__IVT_1:2690/2223	0.15185677581411042
171	6	52995720	ENST00000636484	+	CCGCT	0.0025016437009081206	0.013201681438901713	0.5195609278990898	0.01629798948669369	7.059554517445923e-07	0.00011797069837543426	full	2	WT_1:256/103__WT_2:1722/479__IVT_1:3941/939	-0.21140385319654276
172	6	52995721	ENST00000636484	+	CGCTC	0.6622676982241248	0.019234877092920825	0.3777940931645364	0.02968935164237621	0.14120581553469563	5.3464759221061394e-05	full	2	WT_1:274/75__WT_2:1660/530__IVT_1:3730/1127	-0.0352475217685863
173	6	52995722	ENST00000636484	+	GCTCC	0.03392530662034296	0.06097236122065001	0.001393496574147021	0.1125400196287731	0.09346647962491673	0.0007759609156257748	full	2	WT_1:155/189__WT_2:1001/1130__IVT_1:2356/2363	-0.12883581279688344
174	6	52995723	ENST00000636484	+	CTCCA	0.42170906692660465	0.07638350223867865	0.9824088107730422	0.07337030882335774	7.824140351910222e-06	0.0021073108066998595	full	2	WT_1:172/171__WT_2:1010/1098__IVT_1:2172/2465	0.05552538799360681
175	6	52995724	ENST00000636484	+	TCCAT	0.7234362469807483	0.024397676114117164	0.9824088107730422	0.07851207982929291	0.39990211366399686	0.0009979847680944966	full	2	WT_1:189/168__WT_2:1294/908__IVT_1:2838/2011	-0.023760878682405465
176	6	52995725	ENST00000636484	+	CCATG	0.005620032654905661	0.028153216853451506	0.09739970318533844	0.017496663516542353	9.131042635755292e-05	0.0016304292608694565	full	2	WT_1:216/145__WT_2:1044/1152__IVT_1:2210/2669	0.15971400923773238
177	6	52995726	ENST00000636484	+	CATGT	0.008568774492196634	0.009488723065822645	0.47025083259299183	0.0028099280149199075	0.004315911687449289	0.00048662653134393303	full	2	WT_1:146/208__WT_2:220/1970__IVT_1:578/4298	0.2235757520332361
178	6	52995727	ENST00000636484	+	ATGTG	0.06229329590371088	0.009752356500414743	3.685412763596095e-06	0.001570875083832261	0.9178902103152141	0.00047869478305016843	full	2	WT_1:210/146__WT_2:1443/751__IVT_1:3285/1582	-0.11956743143476314
179	6	52995728	ENST00000636484	+	TGTGC	0.007846393114895057	0.01468450844695854	0.002669925061865873	0.003115875401846451	2.1480408584519317e-08	0.0011327542200110323	full	2	WT_1:123/235__WT_2:973/1213__IVT_1:2272/2568	-0.15587830878811032
180	6	52995729	ENST00000636484	+	GTGCG	0.8678636914862451	0.004459979030097761	0.1517783969653304	0.0016642804382260297	0.3669640485335582	0.00020318791324562847	full	2	WT_1:308/52__WT_2:1624/576__IVT_1:3670/1210	0.01367958256414888
181	6	52995730	ENST00000636484	+	TGCGT	0.024632916917418275	0.010154388461503587	0.9696775022349208	0.05690205845760633	0.005454609500272426	7.991273326577053e-05	full	2	WT_1:174/186__WT_2:805/1394__IVT_1:1709/3163	0.13708341384598438
182	6	52995731	ENST00000636484	+	GCGTC	0.00010666387773743149	0.0130123165482573	0.051888176415046644	0.06538419742039547	1.4995684592736616e-06	0.0001689795108052578	full	2	WT_1:187/175__WT_2:779/1426__IVT_1:1591/3300	0.2244247332738574
183	6	52995732	ENST00000636484	+	CGTCC	0.7872173925110402	0.003938979790851081	0.9998591249740822	0.008466143402775005	0.019565885946756647	1.3384135247360358e-08	full	2	WT_1:49/314__WT_2:491/1728__IVT_1:1042/3851	-0.022263998053896977
184	6	52995733	ENST00000636484	+	GTCCC	0.01788110586200847	0.004211774649703011	0.004645216074795975	0.002729675787144187	6.295963430428358e-07	3.050953795682169e-09	full	2	WT_1:225/137__WT_2:1167/1044__IVT_1:2474/2411	0.1384676586580465
185	6	52995734	ENST00000636484	+	TCCCT	0.013608274666985772	0.039046206207444575	7.45446923221542e-05	0.000589320553840222	7.0087260450685945e-19	1.8807662586149392e-09	full	2	WT_1:255/106__WT_2:1777/443__IVT_1:3724/1195	0.17126533909874783
186	6	52995735	ENST00000636484	+	CCCTC	0.03905846252514132	0.009488723065822645	0.026257108412880262	0.000589320553840222	6.603246075170753e-06	3.917065720723438e-14	full	2	WT_1:115/247__WT_2:875/1350__IVT_1:2039/2899	-0.12603266285992973
187	6	52995736	ENST00000636484	+	CCTCC	0.417303340704867	0.021283747449361474	0.00019763790069293315	0.0026184979923975704	1.891379338099551e-07	7.784810281857703e-16	full	2	WT_1:123/240__WT_2:599/1631__IVT_1:1317/3627	0.06121266129380239
188	6	52995737	ENST00000636484	+	CTCCC	0.004937654375372358	0.060854633462463434	0.9998591249740822	0.03934879890357511	1.3993432890331827e-22	1.6576702515673642e-12	full	2	WT_1:211/150__WT_2:1554/660__IVT_1:3158/1722	0.17201576277433991
189	6	52995738	ENST00000636484	+	TCCCG	0.311938715642744	0.10241817063257792	0.6857597196008579	0.10682011119204132	4.889817616490202e-14	9.054499915355266e-12	full	2	WT_1:351/2__WT_2:2147/6__IVT_1:4704/8	-0.6327351211845449
190	6	52995739	ENST00000636484	+	CCCGA	0.7131920742391403	0.09024580010598932	0.9824088107730422	0.8753596464695836	0.0001087785205439618	2.5553870080276144e-10	full	2	WT_1:27/328__WT_2:64/2089__IVT_1:185/4566	-0.06804231465389965
191	6	52995740	ENST00000636484	+	CCGAA	0.2821868710948275	0.2626937988820442	0.8409756187630008	0.7935552843686926	0.006784375866735328	1.2758552153906803e-05	full	2	WT_1:64/285__WT_2:410/1657__IVT_1:829/3720	0.09164838221318213
192	6	52995741	ENST00000636484	+	CGAAG	0.27872264694066584	0.320899846640713	0.9923524258265827	0.635721376521524	0.18336586925854192	0.009464661667349739	full	2	WT_1:109/219__WT_2:807/1194__IVT_1:1810/2588	-0.07567785233192655
193	6	52995742	ENST00000636484	+	GAAGC	0.4763356836984582	0.13995241619612117	0.7402638955149528	0.4974474284386958	0.034212761967223795	0.00714549727708296	full	2	WT_1:122/186__WT_2:717/1296__IVT_1:1553/2889	0.052003799878311
194	6	52995743	ENST00000636484	+	AAGCT	0.6538051914612636	0.13725652328053164	0.2954477938437439	0.37836746858900466	0.5330355224358313	0.01983719153676093	full	2	WT_1:213/135__WT_2:1428/755__IVT_1:3164/1662	-0.032203992843784446
195	6	52995744	ENST00000636484	+	AGCTG	0.019073348315569432	0.15959677437505201	0.41047290700232697	0.36336939232966775	3.219594798376815e-05	0.014551354942671407	full	2	WT_1:35/321__WT_2:300/1916__IVT_1:759/4150	-0.19844061413599978
196	6	52995745	ENST00000636484	+	GCTGC	0.24930471608240543	0.08677762459403396	0.368044143748247	0.38016152164830064	0.4782832795617349	0.007977704450343329	full	2	WT_1:323/28__WT_2:2098/108__IVT_1:4548/302	0.16343809622427696
197	6	52995746	ENST00000636484	+	CTGCG	0.5370964007430334	0.09024580010598932	0.8924495403926604	0.5549507478811705	0.05058600041486157	0.00603386892085595	full	2	WT_1:252/111__WT_2:1695/478__IVT_1:3721/1072	-0.04936674726878155
198	6	52995747	ENST00000636484	+	TGCGC	0.04699145300530216	0.17081294254472626	0.8583588112704905	0.6481761076025053	0.002682485880032443	0.0480950673786763	full	2	WT_1:325/40__WT_2:1619/505__IVT_1:3557/1154	0.14530003503775388
199	6	52995748	ENST00000636484	+	GCGCG	0.7626163517464963	0.06097236122065001	0.9824088107730422	0.5888441438205964	0.17214207848661314	0.04577373804836823	full	2	WT_1:234/121__WT_2:1248/875__IVT_1:2846/1873	-0.02111905230357487
200	6	52995749	ENST00000636484	+	CGCGC	0.27676764426064604	0.06993154079969412	0.7412154592051713	0.6102669087654004	0.24644151520587587	0.021536839540791386	full	2	WT_1:181/179__WT_2:994/1147__IVT_1:2147/2604	0.0720935926850769
201	6	52995750	ENST00000636484	+	GCGCT	0.003459300706427095	0.11057231334613382	0.23032711593767868	0.5408553542001406	0.3823764888418265	0.045042958700527075	full	2	WT_1:281/71__WT_2:1731/395__IVT_1:4035/748	-0.2232182299853879
202	6	52995751	ENST00000636484	+	CGCTC	0.855734976616456	0.04739241743649721	0.9824088107730422	0.13040787715629254	0.0019472100279141911	0.03109541360192584	full	2	WT_1:211/136__WT_2:1315/837__IVT_1:2926/1891	0.013305464496037103
203	6	52995752	ENST00000636484	+	GCTCG	0.24663798789613878	0.004338997956883121	0.5566955719330223	0.07337030882335774	0.06215607903026095	0.0011389654516323676	full	2	WT_1:223/121__WT_2:1355/716__IVT_1:3129/1529	-0.08223635537415665
204	6	52995753	ENST00000636484	+	CTCGG	0.033297804349668746	0.015901412863721653	0.005635338367688563	0.068632107336698	0.03459030919332591	0.000289534365800781	full	2	WT_1:212/147__WT_2:1863/313__IVT_1:4098/768	-0.16860714970956428
205	6	52995754	ENST00000636484	+	TCGGT	3.3982789784240666e-05	0.00168488137745584	0.08288619624490336	0.06527676215107008	1.3131320111439891e-07	7.445392455406361e-05	full	2	WT_1:92/270__WT_2:158/2032__IVT_1:329/4558	0.40925096506401265
206	6	52995755	ENST00000636484	+	CGGTC	0.2974169156640515	0.002190017117613364	0.17902338311618757	0.05914267870941029	0.0007498528048702746	0.00011200110084689508	full	2	WT_1:279/30__WT_2:1840/176__IVT_1:3997/440	0.12194793478718882
207	6	52995756	ENST00000636484	+	GGTCG	0.00022528642823968018	0.0036787095433110416	0.8583588112704905	0.2191015741668948	5.030385876319563e-06	0.00022721155741918116	full	2	WT_1:54/274__WT_2:997/1060__IVT_1:2258/2315	-0.21331885531180747
208	6	52995757	ENST00000636484	+	GTCGA	0.5357835530397582	0.038200901965448585	0.419588074285112	0.46148283849674027	0.3800680293195525	0.00019467552259666107	full	2	WT_1:357/8__WT_2:2183/37__IVT_1:4835/101	0.1528011883806645
209	6	52995758	ENST00000636484	+	TCGAA	0.22036157299728965	0.0404756078199753	0.7991416240431867	0.635721376521524	0.5713925286102501	0.000842712065735096	full	2	WT_1:316/48__WT_2:1911/295__IVT_1:4307/590	-0.11819507719640347
210	6	52995759	ENST00000636484	+	CGAAG	0.28702343185003276	0.20515158526455182	0.9998591249740822	0.57387834628335	6.578070699187379e-08	0.009825720036258735	full	2	WT_1:306/59__WT_2:1802/399__IVT_1:3955/940	0.088873417261008
211	6	52995760	ENST00000636484	+	GAAGA	0.3737994473422633	0.17365971412448145	0.643995289583703	0.7147435519070604	0.4782832795617349	0.0036560470285243746	full	2	WT_1:308/56__WT_2:1868/303__IVT_1:4102/737	0.08406916194267601
212	6	52995761	ENST00000636484	+	AAGAG	0.26126231768149916	0.16238382455555994	0.5915821557948767	0.6709655714957108	0.2822213392687014	0.0034448288560160445	full	2	WT_1:184/176__WT_2:1048/1121__IVT_1:2268/2570	0.07358132838635772
213	6	52995762	ENST00000636484	+	AGAGG	0.28238593322253397	0.1578932857494716	0.9180979527000482	0.1458825737399559	0.005941493249516268	0.1357619558547162	full	2	WT_1:260/82__WT_2:1577/543__IVT_1:3471/1281	0.08077349351590761
214	6	52995763	ENST00000636484	+	GAGGA	0.15457857930970886	0.19383789553957886	0.6310454401692299	0.1719903782804659	0.45074559596133346	0.06652241328599597	full	2	WT_1:104/238__WT_2:793/1297__IVT_1:1840/2863	-0.09485649855795912
215	6	52995764	ENST00000636484	+	AGGAC	0.25749775638284295	0.2044281994532357	0.0034362030481446086	0.010040282863124044	0.5330355224358313	0.023109793030259763	full	2	WT_1:19/334__WT_2:189/1934__IVT_1:354/4424	0.13814753515158826
216	6	52995765	ENST00000636484	+	GGACG	0.8460935425265137	0.17116718473876816	0.9923524258265827	0.004190701382313634	0.024441852658968775	0.0514732201979767	full	2	WT_1:6/354__WT_2:149/1956__IVT_1:306/4420	-0.028306156785800497
217	6	52995766	ENST00000636484	+	GACGA	0.31186721225188874	0.2626937988820442	1.187335368366995e-05	0.004520471472163956	0.0032623089364455086	0.04592151314406861	full	2	WT_1:51/308__WT_2:104/2101__IVT_1:260/4639	0.14042321866244856
218	6	52995767	ENST00000636484	+	ACGAC	0.1459185047683003	0.12743050614164453	0.07765318985483949	0.003474863510215542	0.18856314144297184	0.002922116396814752	full	2	WT_1:326/17__WT_2:1951/136__IVT_1:4337/353	0.1882287633404564
219	6	52995768	ENST00000636484	+	CGACC	0.8165371679917977	0.11307434668800755	0.8172018003647649	0.0019223991759993394	0.2819583319369796	1.1506757066010711e-06	full	2	WT_1:123/221__WT_2:773/1317__IVT_1:1731/2920	-0.017183058514723428
220	6	52995769	ENST00000636484	+	GACCA	0.008278929208673338	0.15378710331551299	0.0012020353709582122	0.0419654488606731	3.844228958451721e-06	2.103960364882893e-06	full	2	WT_1:197/163__WT_2:1126/1060__IVT_1:2345/2527	0.15324999947800882
221	6	52995770	ENST00000636484	+	ACCAT	0.600211515181393	0.18207710849305794	0.1446272247818732	0.024748726531051885	8.98858393142309e-18	1.0130217751065872e-06	full	2	WT_1:21/344__WT_2:38/2194__IVT_1:127/4816	-0.11730467677196027
222	6	52995771	ENST00000636484	+	CCATC	0.9286930394359788	0.12101703048576934	0.7412154592051713	0.0012095813197547198	0.041414929779122533	1.3026182484016077e-08	full	2	WT_1:151/212__WT_2:837/1381__IVT_1:1889/3027	-0.005982021223797199
223	6	52995772	ENST00000636484	+	CATCC	0.311938715642744	0.320899846640713	0.009840738095279584	0.0020580155981854476	0.008720909261817676	1.1149411942831745e-09	full	2	WT_1:258/107__WT_2:1967/267__IVT_1:4288/657	-0.09356844732648079
224	6	52995773	ENST00000636484	+	ATCCC	0.15457857930970886	0.3247712485729656	1.996941091020803e-05	0.003009128869141148	4.6421449499373016e-09	2.613488878710648e-08	full	2	WT_1:2/363__WT_2:12/2220__IVT_1:48/4895	-0.5446901377187601
225	6	52995774	ENST00000636484	+	TCCCC	0.6256155566643428	0.032415277657582606	0.007459905678056103	0.0025875684295840152	5.518507347040955e-11	7.021503967099752e-09	full	2	WT_1:3/353__WT_2:30/1998__IVT_1:68/4132	-0.14400847448787743
226	6	52995775	ENST00000636484	+	CCCCG	0.6256155566643428	0.046628411135853844	0.5566955719330223	0.010586356973164299	2.074770632193669e-11	1.1872382282246876e-08	full	2	WT_1:340/3__WT_2:1934/6__IVT_1:4026/22	0.2618674934687024
227	6	52995776	ENST00000636484	+	CCCGA	4.840145828637976e-05	0.017435119500063566	0.404744762298298	0.1764990584579618	0.00012460501041648697	1.1755753876476944e-07	full	2	WT_1:121/232__WT_2:161/1864__IVT_1:370/4031	0.3829996138850795
228	6	52995777	ENST00000636484	+	CCGAT	0.990691902703184	0.0020697593427150083	0.9923524258265827	0.17927469116598127	0.08149249186831245	1.5252302201039697e-05	full	2	WT_1:252/110__WT_2:1236/943__IVT_1:2819/1994	-0.0005805310254961834
229	6	52995778	ENST00000636484	+	CGATA	0.0037332619951336303	0.0013966141441084483	0.8583588112704905	0.1784277973124402	8.914750259784364e-05	0.0015685844068337894	full	2	WT_1:128/227__WT_2:1408/808__IVT_1:3144/1787	-0.1702508926819146
230	6	52995779	ENST00000636484	+	GATAG	0.0002142915280861967	0.009710269484756394	0.007939210387266863	0.13905347494142195	0.041080741236586095	0.008035682000782286	full	2	WT_1:86/263__WT_2:111/2100__IVT_1:259/4690	0.4128760794814797
231	6	52995780	ENST00000636484	+	ATAGA	0.16229713081898048	0.005698322769518082	0.5465304338000236	0.10841366779061723	0.030755241126302114	0.0009901815823637483	full	2	WT_1:195/147__WT_2:1143/1057__IVT_1:2474/2432	0.08832816754714916
232	6	52995781	ENST00000636484	+	TAGAG	0.11682481447562737	0.017099240946668166	0.16291902774512884	0.10682011119204132	0.15100300002317513	0.004071162547568103	full	2	WT_1:288/61__WT_2:1558/628__IVT_1:3435/1432	0.11008852733195891
233	6	52995782	ENST00000636484	+	AGAGG	0.22036157299728965	0.06650580735353501	0.419588074285112	0.1241571545370852	7.019944517297931e-06	0.008454499029348512	full	2	WT_1:54/296__WT_2:449/1717__IVT_1:1042/3775	-0.09873773294251836
234	6	52995783	ENST00000636484	+	GAGGA	0.17422669811219532	0.0605475192203033	0.8284587231812754	0.1125400196287731	0.05271889416833666	0.010567519614075368	full	2	WT_1:253/95__WT_2:1533/612__IVT_1:3540/1273	-0.09639819451408647
235	6	52995784	ENST00000636484	+	AGGAG	0.05870248296650097	0.08677762459403396	0.018466045285941132	0.1753044706859182	0.8429896124967471	0.003754544798687158	full	2	WT_1:212/143__WT_2:1407/769__IVT_1:3241/1618	-0.12093620098652529
236	6	52995785	ENST00000636484	+	GGAGG	0.10749688582537106	0.09461526934602019	0.3810181074441989	0.11247173005097227	0.078926438471475	0.03217766701259717	full	2	WT_1:245/112__WT_2:1465/713__IVT_1:3386/1465	-0.10916846999995813
237	6	52995786	ENST00000636484	+	GAGGA	0.4608795541099864	0.13995241619612117	0.7402638955149528	0.10159062681030662	0.0018174186398972165	0.009825720036258735	full	2	WT_1:144/214__WT_2:927/1258__IVT_1:2104/2749	-0.0504896302877481
238	6	52995787	ENST00000636484	+	AGGAC	0.28953272076573316	0.08677762459403396	0.08079146401493714	0.10880657868616392	0.07183213641310147	0.009464661667349739	full	2	WT_1:230/128__WT_2:1476/736__IVT_1:3340/1574	-0.07225167523446213
239	6	52995788	ENST00000636484	+	GGACC	0.6654710930059055	0.15378710331551299	0.5465304338000236	0.11876680523476739	0.00035534948506052525	0.0013039063338498977	full	2	WT_1:265/95__WT_2:1334/892__IVT_1:3081/1846	-0.029939825200815486
240	6	52995789	ENST00000636484	+	GACCG	0.00814892482297581	0.034930141638845336	0.025312977606443538	0.11002975417446281	0.7033408224932431	0.001098388601255059	full	2	WT_1:130/224__WT_2:870/1290__IVT_1:2111/2731	-0.15701736276371953
241	6	52995790	ENST00000636484	+	ACCGG	0.7774853828240181	0.026414245678406625	0.5465304338000236	0.019410225248319826	1.3505055481965141e-05	0.0004444072258372785	full	2	WT_1:344/11__WT_2:2167/28__IVT_1:4830/82	0.07598691671635643
242	6	52995791	ENST00000636484	+	CCGGT	0.0012928362833578469	0.000162540240037237	0.5465304338000236	0.0021381380225279877	0.0007965223866300937	2.5244768919022974e-05	full	2	WT_1:95/265__WT_2:210/1980__IVT_1:451/4450	0.2938808558376171
243	6	52995792	ENST00000636484	+	CGGTC	0.11057866891933818	0.000280813534026609	9.437388902824566e-05	0.004439585354272251	0.0010289026660201333	1.908039178481924e-08	full	2	WT_1:56/301__WT_2:432/1752__IVT_1:842/4029	0.12937279592524353
244	6	52995793	ENST00000636484	+	GGTCT	1.680918492797375e-09	0.00011950952158063053	0.00025314857793088676	0.002855394791450095	1.0647588883811184e-09	4.8494212591221515e-09	full	2	WT_1:249/100__WT_2:1402/780__IVT_1:2787/2071	0.33187415964370276
245	6	52995794	ENST00000636484	+	GTCTT	0.0554902279118595	0.0007366580745982766	0.38929902283386364	0.003282538511105976	4.3833569519047e-14	1.0467320093071302e-08	full	2	WT_1:21/341__WT_2:107/2102__IVT_1:312/4590	-0.2559289622207468
246	6	52995795	ENST00000636484	+	TCTTC	0.04992689212464467	0.0004637222099907025	0.12286316634661805	0.008266488240738862	2.7854274000997924e-08	3.84819177518264e-09	full	2	WT_1:164/201__WT_2:896/1335__IVT_1:1884/3079	0.12038117116089765
247	6	52995796	ENST00000636484	+	CTTCG	0.5841622914186135	0.0596259719925782	0.8134755930298504	0.0010452115516630719	0.0212177571558434	2.1237368965058052e-07	full	2	WT_1:140/226__WT_2:1160/1079__IVT_1:2440/2542	0.037100863705288964
248	6	52995797	ENST00000636484	+	TTCGG	0.02383441061896987	0.09097935323990983	0.0022911748319143304	0.0014364039684043855	1.3793611028724498e-05	4.279587095482408e-05	full	2	WT_1:140/225__WT_2:1361/878__IVT_1:3037/1952	-0.1339751467919954
249	6	52995798	ENST00000636484	+	TCGGT	0.4734282541325959	0.16344170818703405	9.566789926374883e-08	0.0009466087818256824	0.027544555411128192	0.000573200320823488	full	2	WT_1:30/336__WT_2:139/2100__IVT_1:295/4684	0.09903712377351737
250	6	52995799	ENST00000636484	+	CGGTC	0.31186721225188874	0.18638678404449285	0.9824088107730422	0.0006834829459946537	0.0004127153817465856	0.0008199747079638497	full	2	WT_1:347/11__WT_2:2124/49__IVT_1:4667/141	0.2092500185990871
251	6	52995800	ENST00000636484	+	GGTCA	0.4734282541325959	0.2606015364201797	0.02558782551332389	0.002612587780655352	0.0031202527617909537	0.007640227016566663	full	2	WT_1:259/90__WT_2:1068/1077__IVT_1:2464/2277	0.04948722417854128
252	6	52995801	ENST00000636484	+	GTCAA	0.9651298410516151	0.00168488137745584	0.3674573236705639	0.00938470621385663	0.10696528708223313	0.00030072314010322316	full	2	WT_1:352/7__WT_2:2193/24__IVT_1:4864/61	0.013855266742600441
253	6	52995802	ENST00000636484	+	TCAAG	0.1160746367494001	0.0014111402459936425	0.21575760137265776	0.004096496801940699	0.2957261404169725	0.0010931189394734553	full	2	WT_1:298/29__WT_2:2075/77__IVT_1:4620/160	-0.2574593051780955
254	6	52995803	ENST00000636484	+	CAAGG	1.7220050294548037e-10	0.0011012401290582054	1.2773775756809635e-05	0.0027808022986308555	1.0080224450513914e-08	0.0033648710767719284	full	2	WT_1:265/88__WT_2:1164/1030__IVT_1:2327/2553	0.3378902426831841
255	6	52995804	ENST00000636484	+	AAGGG	0.15457857930970886	0.0009412261147680636	0.0911696964574532	0.0011556959451653785	0.15429180904228726	0.0012634694269043787	full	2	WT_1:227/130__WT_2:1253/934__IVT_1:2726/2147	0.09107780890744177
256	6	52995805	ENST00000636484	+	AGGGT	0.22036157299728965	4.7962069635734495e-05	0.006233511510958123	0.0019025628370394761	0.416002993724799	3.365648975436377e-06	full	2	WT_1:120/238__WT_2:792/1403__IVT_1:1650/3225	0.08292740534762243
257	6	52995806	ENST00000636484	+	GGGTA	0.6040850492297838	0.003035660808654763	0.014707804311956969	0.00908404261999415	0.0014927184166815641	0.00023929470626337624	full	2	WT_1:106/252__WT_2:479/1712__IVT_1:1079/3778	0.04257064850487527
258	6	52995807	ENST00000636484	+	GGTAT	1.3848513122865928e-06	0.00402538220983053	0.9780687929600852	0.017250518955503735	1.0280075940873532e-12	1.609279590791878e-05	full	2	WT_1:163/195__WT_2:1252/952__IVT_1:3022/1881	-0.2640999772599787
259	6	52995808	ENST00000636484	+	GTATA	0.004018577159260802	0.006340067448202119	0.004858305404540712	0.019410225248319826	0.7874936685566396	1.4042572229799691e-05	full	2	WT_1:200/160__WT_2:1357/859__IVT_1:3187/1761	-0.16934391326160325
260	6	52995809	ENST00000636484	+	TATAC	0.4608795541099864	0.0016631206089475622	0.6146131842840983	0.017294741849596847	1.345453603882781e-06	6.375376635127202e-05	full	2	WT_1:223/128__WT_2:1400/811__IVT_1:3066/1868	0.051471288798884796
261	6	52995810	ENST00000636484	+	ATACG	0.8835112318462535	0.0026520670434330576	0.010740071904768996	0.017294741849596847	0.2289893565317132	0.0053565802436343676	full	2	WT_1:160/149__WT_2:726/1375__IVT_1:1731/3008	0.010426280775732082
262	6	52995811	ENST00000636484	+	TACGA	0.004106632776331568	0.0014973730144412108	0.008340454914839802	0.022042645398703025	0.8760375578153281	0.0010931189394734553	full	2	WT_1:190/150__WT_2:1472/676__IVT_1:3011/1784	0.17538788946319184
263	6	52995812	ENST00000636484	+	ACGAG	1.1679667616925748e-05	0.0003382789848567189	0.9998591249740822	0.0010779830242903573	0.0008345151419948707	0.0007519285634654995	full	2	WT_1:93/266__WT_2:386/1811__IVT_1:698/4167	0.3201657734421573
264	6	52995813	ENST00000636484	+	CGAGT	0.0003610557902085394	9.192891355515908e-05	0.01079825249579362	0.0007607776023552657	0.0007606477359405769	2.4909150379221832e-08	full	2	WT_1:66/299__WT_2:341/1888__IVT_1:610/4344	0.2822080893901877
265	6	52995814	ENST00000636484	+	GAGTA	0.0031676187481446513	6.804195206857725e-05	1.2733250136995792e-05	4.024235685587777e-05	1.9483681285399984e-07	1.69262029241687e-08	full	2	WT_1:314/51__WT_2:1829/406__IVT_1:4242/721	-0.22744136823299071
266	6	52995815	ENST00000636484	+	AGTAG	0.012232004213975257	0.0010895371060006952	0.003598776822419413	1.8992622512459448e-05	5.802001834485987e-21	3.452784224418789e-08	full	2	WT_1:334/32__WT_2:1929/304__IVT_1:4185/767	0.2090943391124389
267	6	52995816	ENST00000636484	+	GTAGC	0.0012928362833578469	0.0014973730144412108	6.476366073868888e-07	8.18863356697825e-05	0.18336586925854192	1.8807662586149392e-09	full	2	WT_1:211/148__WT_2:1334/868__IVT_1:3161/1722	-0.18832394814268044
268	6	52995817	ENST00000636484	+	TAGCT	0.25913362135488033	0.0054650612155365715	0.09779633388793453	0.0025875684295840152	0.01717168128137879	5.6032956259257405e-08	full	2	WT_1:288/76__WT_2:1661/541__IVT_1:3791/1101	-0.086670679561951
269	6	52995818	ENST00000636484	+	AGCTG	0.0014272786133318943	0.009752356500414743	0.9696775022349208	0.008355588620676828	1.7489842563849199e-09	0.0017182580934607295	full	2	WT_1:55/298__WT_2:529/1624__IVT_1:1308/3477	-0.2128359693525926
270	6	52995819	ENST00000636484	+	GCTGC	0.44091420011184074	0.057298410556336984	0.8938731322218455	0.2633738798212365	0.4539613710783773	0.001183730945595449	full	2	WT_1:34/321__WT_2:151/2038__IVT_1:386/4449	-0.09843554217594784
271	6	52995820	ENST00000636484	+	CTGCG	0.1060701617211979	0.028153216853451506	0.19839599246206055	0.5133111017057449	0.46258034094622535	0.0003400100432148501	full	2	WT_1:214/138__WT_2:1634/569__IVT_1:3654/1247	-0.11459768556110446
272	6	52995821	ENST00000636484	+	TGCGC	0.753871691838	0.13576755610521196	0.47876085411894115	0.4974474284386958	0.03253776675784354	0.02389193976460662	full	2	WT_1:153/198__WT_2:1028/1163__IVT_1:2285/2578	-0.021148127216824214
273	6	52995822	ENST00000636484	+	GCGCT	0.01788110586200847	0.05560586185548548	0.9672411569170851	0.16465208173679863	5.046916544079121e-05	0.016284061722098356	full	2	WT_1:275/88__WT_2:1443/761__IVT_1:3112/1780	0.14584976874654068
274	6	52995823	ENST00000636484	+	CGCTC	0.5962596778705531	0.060854633462463434	0.8466283133512179	0.0303927933796109	0.33240175763914187	2.0007216954245787e-07	full	2	WT_1:272/80__WT_2:1735/475__IVT_1:3858/1021	-0.04452040421293255
275	6	52995824	ENST00000636484	+	GCTCC	0.012914754999024522	0.003293083686710745	0.0159530082458294	0.03765882961284088	0.09484620608253214	2.0482367081275405e-10	full	2	WT_1:196/166__WT_2:1227/989__IVT_1:2878/2021	-0.14485184829216222
276	6	52995825	ENST00000636484	+	CTCCC	0.15759853083818554	0.00402538220983053	0.00025314857793088676	0.004031747577496035	4.973806587541488e-23	1.8754536028846598e-14	full	2	WT_1:334/28__WT_2:2052/165__IVT_1:4477/428	0.1644595890448203
277	6	52995826	ENST00000636484	+	TCCCC	1.06979644560621e-05	0.0011433132845164895	0.8497522421325853	0.0033161391562351442	3.6417788978580375e-15	1.2915007527931975e-16	full	2	WT_1:78/286__WT_2:529/1688__IVT_1:1412/3477	-0.2774064831393533
278	6	52995827	ENST00000636484	+	CCCCT	0.0453760898624517	0.002576132815434973	0.0005611855303738739	0.004031747577496035	1.6100762531467076e-22	2.0290821752852e-16	full	2	WT_1:339/22__WT_2:2104/112__IVT_1:4544/325	0.2612309166081831
279	6	52995828	ENST00000636484	+	CCCTG	0.005151678591896843	0.0032275965422016756	0.525705982955739	0.02489183557603976	6.581868378731314e-10	2.9213173833891514e-11	full	2	WT_1:288/74__WT_2:2121/107__IVT_1:4663/252	-0.3308638998949094
280	6	52995829	ENST00000636484	+	CCTGC	0.2821868710948275	0.06097236122065001	0.03041822960304941	0.026538278278143587	0.5886005362280904	3.7047469594225723e-09	full	2	WT_1:334/9__WT_2:1947/243__IVT_1:4322/537	0.11557171718865525
281	6	52995830	ENST00000636484	+	CTGCT	0.32126596547735625	0.08677762459403396	0.13966084263380396	0.12282128888573007	0.29955599517653503	1.445281573767716e-06	full	2	WT_1:66/267__WT_2:673/1478__IVT_1:1492/3283	-0.07015787716820343
282	6	52995831	ENST00000636484	+	TGCTA	0.8835112318462535	0.06534737514802226	0.9923524258265827	0.12119336709649159	4.536562994681277e-06	2.851296823930592e-06	full	2	WT_1:121/223__WT_2:656/1485__IVT_1:1478/3213	-0.010787075350541719
283	6	52995832	ENST00000636484	+	GCTAG	0.15759853083818554	0.06097236122065001	0.2360329445257321	0.16051175004672755	5.677785518163723e-11	2.762354845225121e-06	full	2	WT_1:337/6__WT_2:2102/56__IVT_1:4582/155	0.2763655146361269
284	6	52995833	ENST00000636484	+	CTAGA	0.00183713363608369	0.050296873401001745	0.48418611379884846	0.28231686215571195	1.1063447495142158e-08	3.592539056077739e-07	full	2	WT_1:203/131__WT_2:1912/167__IVT_1:4125/435	-0.2905822306946614
285	6	52995834	ENST00000636484	+	TAGAA	0.23419674450574296	0.0032275965422016756	0.0899957630632346	0.12282128888573007	0.48346809546274033	1.287787876989936e-06	full	2	WT_1:56/264__WT_2:688/1363__IVT_1:1485/2978	-0.08622360074734653
286	6	52995835	ENST00000636484	+	AGAAC	0.1459185047683003	0.00387657469491214	0.9696775022349208	0.11926378875284192	7.501939499474387e-05	3.2865047251590185e-05	full	2	WT_1:277/38__WT_2:1793/266__IVT_1:3846/651	0.14047074396253048
287	6	52995836	ENST00000636484	+	GAACC	3.0318820621137768e-05	0.019785769800659273	0.059879228413281964	0.14034771616530028	0.0009317725515113433	7.828007134071785e-08	full	2	WT_1:215/109__WT_2:1789/330__IVT_1:4029/642	-0.3187523178747454
288	6	52995837	ENST00000636484	+	AACCT	0.28238593322253397	0.010962880039564435	0.19839599246206055	0.038730701105564556	7.240021940232753e-05	1.6823107148993572e-10	full	2	WT_1:314/11__WT_2:2099/48__IVT_1:4606/142	0.2222083047593651
289	6	52995838	ENST00000636484	+	ACCTC	0.6128398640640523	0.004125081795964999	0.8192486835218693	0.027462170977497067	3.644137916814e-20	4.730608995601823e-13	full	2	WT_1:249/77__WT_2:1741/393__IVT_1:3825/864	-0.045311433020539485
290	6	52995839	ENST00000636484	+	CCTCC	0.02937391187023428	0.060854633462463434	0.0004749515167281195	0.01227038445035063	1.5661029700770149e-12	2.79435541142374e-13	full	2	WT_1:33/299__WT_2:303/1839__IVT_1:748/3939	-0.18781375995528368
291	6	52995840	ENST00000636484	+	CTCCA	0.004221488957115037	0.06672055616030538	0.3810181074441989	0.004180575545657098	8.495938701865471e-16	4.4104760074977294e-13	full	2	WT_1:31/311__WT_2:230/1910__IVT_1:618/4034	-0.26316215841902524
292	6	52995841	ENST00000636484	+	TCCAA	0.7180275186822858	0.060854633462463434	0.0034362030481446086	0.004439585354272251	9.131042635755292e-05	2.2201501616217988e-09	full	2	WT_1:3/339__WT_2:25/2111__IVT_1:60/4589	-0.11619411466037168
293	6	52995842	ENST00000636484	+	CCAAA	0.4361246936394053	0.14945902445310075	0.006287938235093729	0.03934879890357511	0.00048779888493371155	1.1830827605659231e-06	full	2	WT_1:271/67__WT_2:1915/225__IVT_1:4210/518	-0.08343813333633504
294	6	52995843	ENST00000636484	+	CAAAC	0.43392149213569575	0.42190102366649207	0.9824088107730422	0.014369799338787608	0.0003888550921293511	0.0019151835735116553	full	2	WT_1:39/289__WT_2:243/1885__IVT_1:580/4106	-0.08363968877489433
295	6	52995844	ENST00000636484	+	AAACA	0.817773950255835	0.4493910557126775	0.7398736816761295	0.06538419742039547	0.644958473513371	0.001374970113592605	full	2	WT_1:253/79__WT_2:1786/324__IVT_1:3886/752	-0.022037494175216277
296	6	52995845	ENST00000636484	+	AACAA	0.4043204124910795	0.3011511201344901	0.008797864435407718	0.2290260976550601	0.23611660944954524	0.0044624286435639374	full	2	WT_1:47/283__WT_2:302/1788__IVT_1:617/3974	0.08295512073482704
297	6	52995846	ENST00000636484	+	ACAAG	0.8799586111669139	0.3484922484253137	0.7412154592051713	0.18418177517450868	1.838815146901219e-05	0.01863136596984236	full	2	WT_1:9/305__WT_2:105/1867__IVT_1:222/4105	-0.025899025774418046
298	6	52995847	ENST00000636484	+	CAAGC	0.11203720488904068	0.27026148963650976	0.7402638955149528	0.2004095350506594	0.08149249186831245	1.3644800076935623e-05	full	2	WT_1:281/6__WT_2:1348/465__IVT_1:2997/988	0.1303499611754279
299	6	52995848	ENST00000636484	+	AAGCT	0.6957663459779584	0.27636095215326717	0.5261473948276933	0.24705867413749608	0.16805859053343633	1.1090413313446059e-05	full	2	WT_1:9/310__WT_2:35/2022__IVT_1:76/4436	0.10568054727410618
300	6	52995849	ENST00000636484	+	AGCTC	0.32126596547735625	0.22800713526029823	0.9478036104060118	0.15149236514382952	3.836498889606929e-15	0.00010098896639271275	full	2	WT_1:300/13__WT_2:2011/50__IVT_1:4418/98	-0.21156370856355028
301	6	52995850	ENST00000636484	+	GCTCT	0.44030669866544414	0.21409910631439794	0.02034186568851427	0.033388779735255676	0.09828064643262688	1.514504367827239e-09	full	2	WT_1:154/159__WT_2:552/1495__IVT_1:1286/3196	0.05937331954912554
302	6	52995851	ENST00000636484	+	CTCTC	0.42509190297616944	0.13875904776065673	0.13464332890871733	0.03904650938962547	0.29955599517653503	5.530686234131335e-10	full	2	WT_1:306/1__WT_2:2018/10__IVT_1:4403/32	0.37280773185736954
303	6	52995852	ENST00000636484	+	TCTCA	0.08531016283810053	0.11307434668800755	0.0024418308468935994	0.001183291373015353	4.973806587541488e-23	6.959998360682862e-08	full	2	WT_1:39/269__WT_2:224/1791__IVT_1:579/3807	-0.17316618537335618
304	6	52995853	ENST00000636484	+	CTCAA	0.10937945354380336	1.2980256424803288e-06	0.8466283133512179	2.5658329573085613e-05	0.0029511353621442097	1.2027175451306408e-18	full	2	WT_1:272/24__WT_2:1867/114__IVT_1:4151/213	-0.23128223493867275
305	6	52995854	ENST00000636484	+	TCAAG	0.16229713081898048	5.151692694842078e-10	3.7128665717395627e-06	2.2274169280448976e-05	8.75097700771542e-06	6.498276718418198e-25	full	2	WT_1:215/34__WT_2:1716/124__IVT_1:3711/364	0.17797807222863354
306	6	52995855	ENST00000636484	+	CAAGG	7.572295269020275e-21	5.380716697149734e-13	6.615398053606782e-08	4.5181364190012765e-06	2.207729851406092e-48	1.0799401347756493e-21	full	2	WT_1:147/128__WT_2:1098/719__IVT_1:2843/1108	-0.5569397400172685
307	6	52995856	ENST00000636484	+	AAGGT	1.4365590972352435e-12	8.840451325088473e-23	0.07235181230070775	3.567418959458324e-06	5.773640487826438e-27	5.524558697296025e-29	full	2	WT_1:144/106__WT_2:918/559__IVT_1:2718/1071	-0.4631773952001645
308	6	52995857	ENST00000636484	+	AGGTC	1.1712871284344772e-11	1.6810499477716458e-23	1.187335368366995e-05	8.357769384469142e-06	1.8320110105546295e-09	1.1557839508355103e-42	full	2	WT_1:45/195__WT_2:245/1189__IVT_1:419/3644	0.6007247817153958
309	6	52995858	ENST00000636484	+	GGTCC	1.949722785890375e-35	1.3873049572488462e-17	0.4690597807992945	0.0002993406338720647	1.4795407349490111e-33	5.8295459386899835e-34	full	2	WT_1:191/84__WT_2:1122/478__IVT_1:3438/630	-0.8480785769861844
310	6	52995859	ENST00000636484	+	GTCCA	0.0009833866583459148	5.891871122709971e-14	6.570318242640926e-05	0.00012086007387728926	3.592770521209913e-63	7.506931962227638e-42	full	2	WT_1:236/58__WT_2:1637/281__IVT_1:3348/796	0.2713224511841729
311	6	52995860	ENST00000636484	+	TCCAT	0.474322159597782	5.2905772410044576e-21	0.008452635068046594	8.888307954402862e-07	8.253522034260123e-12	1.2609734248411219e-58	full	2	WT_1:228/75__WT_2:1457/530__IVT_1:3183/1211	0.057367772157472616
312	6	52995861	ENST00000636484	+	CCATT	0.49271965325172784	7.699548829772878e-11	0.005019478005100391	2.508095081899142e-27	2.690287258082562e-60	2.6720904096813e-91	full	2	WT_1:208/100__WT_2:1311/668__IVT_1:2969/1427	-0.05091244456253916
313	6	52995862	ENST00000636484	+	CATTT	2.1761226621852492e-36	6.685097541463667e-41	5.371677239585964e-13	3.272908532593599e-30	1.5151993380222274e-79	3.3575389698810483e-82	full	2	WT_1:116/189__WT_2:724/1256__IVT_1:2351/2037	-0.6852618379816093
314	6	52995863	ENST00000636484	+	ATTTG	0.8799586111669139	8.617740968348825e-61	2.0731741366263316e-66	3.416988111747326e-32	1.0732632125303889e-171	6.137998042362562e-101	full	2	WT_1:1/279__WT_2:10/1912__IVT_1:24/4222	-0.07823776821418622
315	6	52995864	ENST00000636484	+	TTTGT	1.428783852381412e-109	2.4352824944552554e-61	7.825861460503663e-14	8.572364641072004e-32	7.939594409744672e-25	3.682246503464154e-93	full	2	WT_1:76/227__WT_2:684/1292__IVT_1:436/3955	1.5112232416683782
316	6	52995865	ENST00000636484	+	TTGTA	2.8643609302543564e-70	3.04055043993492e-51	1.0583232064314545e-09	7.769912301215649e-30	4.717264326026968e-92	4.99557795209689e-75	full	2	WT_1:147/151__WT_2:722/1248__IVT_1:2722/1682	-0.956890602437673
317	6	52995866	ENST00000636484	+	TGTAG	0.002470599022055052	1.9590763312062786e-56	0.3059313965950786	4.2670380223568347e-13	1.1821251858938668e-26	4.19510689970368e-38	full	2	WT_1:168/125__WT_2:1280/578__IVT_1:3098/1228	-0.20302806205907253
318	6	52995867	ENST00000636484	+	GTAGG	0.8264360270553196	2.3757582238427525e-27	2.5968356628589065e-06	9.43147569631428e-13	0.004075710394640332	5.987815342245779e-33	full	2	WT_1:173/110__WT_2:1041/745__IVT_1:2468/1768	0.01683018444751212
319	6	52995868	ENST00000636484	+	TAGGA	9.244710173039905e-18	4.1490833469017833e-08	5.371677239585964e-13	6.12463987648706e-10	2.7883797449528806e-16	7.201594293366639e-14	full	2	WT_1:136/155__WT_2:937/984__IVT_1:2618/1728	-0.47488762514415234
320	6	52995869	ENST00000636484	+	AGGAG	1.590218402312532e-07	4.395702094551632e-08	1.2608356447471083e-12	1.4300598338313723e-10	0.001102946599036968	1.0467320093071302e-08	full	2	WT_1:111/191__WT_2:725/1196__IVT_1:1320/3002	0.31542769288372985
321	6	52995870	ENST00000636484	+	GGAGA	0.0554902279118595	4.1490833469017833e-08	0.3688368911625714	1.6752565026962043e-09	5.3081293461552076e-11	1.1993851460263536e-08	full	2	WT_1:222/82__WT_2:1414/514__IVT_1:3047/1276	0.138731403204536
322	6	52995871	ENST00000636484	+	GAGAA	0.003297446841612348	0.0016466666820547846	0.003861194573521851	1.990540999894616e-05	0.00035542653564003503	1.8041020267554584e-05	full	2	WT_1:156/148__WT_2:960/970__IVT_1:2348/1963	-0.18079540498722746
323	6	52995872	ENST00000636484	+	AGAAC	0.6256155566643428	0.000255259297158478	0.005635338367688563	2.3178339762528412e-05	0.007713201767941617	1.2312546393188876e-06	full	2	WT_1:290/12__WT_2:1840/87__IVT_1:4107/209	0.08559240577954472
324	6	52995873	ENST00000636484	+	GAACG	0.43506461203984703	0.0006460001978907939	0.8410263704845394	3.492066963597837e-05	0.014012789295906625	7.991273326577053e-05	full	2	WT_1:32/265__WT_2:150/1793__IVT_1:320/4007	0.10411696544831385
325	6	52995874	ENST00000636484	+	AACGT	8.615232340683936e-11	0.00039004436187392805	2.5819891652967206e-12	0.00025088488476044735	1.0129377876142615e-08	0.00010098896639271275	full	2	WT_1:216/84__WT_2:1612/331__IVT_1:3798/523	-0.5001620807369761
326	6	52995875	ENST00000636484	+	ACGTA	0.8848268054471258	8.53994122455923e-05	0.9824088107730422	0.00026812046361210937	0.0038576769901300513	0.0002797052461717016	full	2	WT_1:123/153__WT_2:979/772__IVT_1:2093/1776	0.010765221331491171
327	6	52995876	ENST00000636484	+	CGTAG	0.0005346921084650536	4.474005270651501e-06	0.8466283133512179	9.916365740618644e-06	0.0010289026660201333	1.7346151021247147e-05	full	2	WT_1:241/36__WT_2:1415/268__IVT_1:2947/730	0.29798344725970255
328	6	52995877	ENST00000636484	+	GTAGG	0.003459300706427095	0.002542491426789415	0.00702004432514526	0.017435039612506562	0.5047171740173151	0.0010931189394734553	full	2	WT_1:205/52__WT_2:1311/240__IVT_1:3029/441	-0.2806906460942532
329	6	52995878	ENST00000636484	+	TAGGG	3.380040644716714e-05	0.002185441277037165	3.659726779663244e-05	0.008355588620676828	7.857572483020932e-08	0.0004526460442082277	full	2	WT_1:132/148__WT_2:843/896__IVT_1:2109/1745	-0.2576700680563839
330	6	52995879	ENST00000636484	+	AGGGT	0.9762464846191783	0.01705499415289229	0.7991416240431867	0.008679368908100329	0.8998866039109901	0.0007789977725147173	full	2	WT_1:122/164__WT_2:860/1038__IVT_1:1894/2313	-0.002205805590416967
331	6	52995880	ENST00000636484	+	GGGTA	0.5470254956723523	0.07493192527096235	0.09844905655120031	0.03904650938962547	6.149014471951324e-05	0.00043968011867980147	full	2	WT_1:37/249__WT_2:199/1696__IVT_1:425/3752	0.07040033125483568
332	6	52995881	ENST00000636484	+	GGTAG	0.9187075848041146	0.2626937988820442	0.9696775022349208	0.23191486478761322	0.012450210426308967	0.0009743796813617546	full	2	WT_1:143/111__WT_2:747/1088__IVT_1:1727/2344	0.0075883232110956255
333	6	52995882	ENST00000636484	+	GTAGT	0.8916331687775875	0.1672170799451713	0.9998591249740822	0.24705867413749608	0.03918263910188247	0.00027245227555758566	full	2	WT_1:34/217__WT_2:173/1668__IVT_1:402/3714	0.01652201171309352
334	6	52995883	ENST00000636484	+	TAGTC	0.011336299246581374	0.16702835261762858	0.05547357835369564	0.49017815204302945	3.6484164929797636e-06	9.376279181248726e-05	full	2	WT_1:202/28__WT_2:1497/202__IVT_1:3473/360	-0.26821816894565403
335	6	52995884	ENST00000636484	+	AGTCA	0.16229713081898048	0.1578932857494716	0.9696775022349208	0.38016152164830064	0.0031222567099332397	3.090195559832753e-05	full	2	WT_1:202/30__WT_2:1478/268__IVT_1:3217/655	0.13634602140968863
336	6	52995885	ENST00000636484	+	GTCAA	0.5402576784606241	0.1390694082344368	0.9780687929600852	0.2560457954520784	6.295963430428358e-07	4.279587095482408e-05	full	2	WT_1:9/224__WT_2:51/1767__IVT_1:136/3924	-0.13087986958284814
337	6	52995886	ENST00000636484	+	TCAAG	0.7120356189290069	0.34029198173036734	0.4690597807992945	0.5888441438205964	9.398076440226251e-05	0.0007059765062059439	full	2	WT_1:190/33__WT_2:1620/155__IVT_1:3611/395	0.04928473954137099
338	6	52995887	ENST00000636484	+	CAAGC	0.535010716409546	0.45856982887802566	0.30751482344003167	0.512678811803918	0.15486502722637707	0.00043968011867980147	full	2	WT_1:16/198__WT_2:471/1265__IVT_1:1023/2908	-0.05451943577236398
339	6	52995888	ENST00000636484	+	AAGCT	0.6128398640640523	0.3947406892394679	0.9987400471412307	0.1764990584579618	0.6921689499336622	0.0032954390509373913	full	2	WT_1:7/214__WT_2:14/1730__IVT_1:35/3862	0.19370562151593174
340	6	52995889	ENST00000636484	+	AGCTT	0.45615266023097717	0.14673584125877454	0.5915821557948767	0.10889882642302323	0.00035542653564003503	0.00045740306321627184	full	2	WT_1:209/12__WT_2:1671/89__IVT_1:3724/176	-0.13208638222307006
341	6	52995890	ENST00000636484	+	GCTTC	0.32114910220045667	0.141443950885236	0.02034186568851427	0.04466440911483622	0.0072062009276850775	2.4909150379221832e-08	full	2	WT_1:15/199__WT_2:127/1612__IVT_1:325/3601	-0.13699471197381602
342	6	52995891	ENST00000636484	+	CTTCC	0.010508232337631986	0.14945902445310075	0.07246711183564963	0.03342793459396309	9.298149066525317e-09	1.4563616253736967e-11	full	2	WT_1:179/20__WT_2:1655/54__IVT_1:3617/223	0.4152810328521566
343	6	52995892	ENST00000636484	+	TTCCA	0.47523403853598734	0.15704669465863105	0.010604724655205152	0.017294741849596847	3.685156948014401e-20	5.411263072930064e-11	full	2	WT_1:179/10__WT_2:1616/70__IVT_1:3627/186	0.13353989980927006
344	6	52995893	ENST00000636484	+	TCCAA	0.7234362469807483	0.1710926404827877	0.419588074285112	0.03342793459396309	8.330503382448096e-15	1.2041101885960354e-10	full	2	WT_1:9/174__WT_2:31/1639__IVT_1:91/3711	-0.09218004711372094
345	6	52995894	ENST00000636484	+	CCAAG	0.543815467397369	0.43612401844872256	0.06620225254354685	0.06498852512249932	0.07183213641310147	7.555152112511316e-09	full	2	WT_1:8/175__WT_2:41/1643__IVT_1:88/3755	0.1484542975060493
346	6	52995895	ENST00000636484	+	CAAGA	0.49271965325172784	0.011173185344698534	0.21139266103663087	0.020501011783155134	0.16596260318492423	1.5752165867698158e-05	full	2	WT_1:12/155__WT_2:165/1397__IVT_1:396/3169	-0.0886096866724677
347	6	52995896	ENST00000636484	+	AAGAC	0.4948176071196433	0.008157227897129582	0.6857597196008579	0.018201813898244178	0.4020539643771669	0.012834558180078242	full	2	WT_1:61/97__WT_2:576/925__IVT_1:1299/2205	0.05666017375698622
348	6	52995897	ENST00000636484	+	AGACT	5.959260512918885e-08	0.0032275965422016756	0.00013866025382270112	0.03934879890357511	1.1977402552064437e-05	0.018196427165181845	full	2	WT_1:109/53__WT_2:1225/290__IVT_1:3012/489	-0.4602412345646776
349	6	52995898	ENST00000636484	+	GACTC	0.25749775638284295	0.003951267689333564	0.2954477938437439	0.04569990585393221	0.15286561508221663	7.106527810672101e-05	full	2	WT_1:104/10__WT_2:1230/69__IVT_1:3086/148	-0.21634878239623373
350	6	52995899	ENST00000636484	+	ACTCC	0.021798150677007484	0.0024914627269401524	0.8284587231812754	0.044172446633805644	0.29573977467705675	1.7876153609738146e-05	full	2	WT_1:74/18__WT_2:1056/81__IVT_1:2471/304	0.3332162481578589
351	6	52995900	ENST00000636484	+	CTCCA	0.9843381935754245	0.1390694082344368	0.38929902283386364	0.22946699792012276	1.908982493701485e-12	7.106527810672101e-05	full	2	WT_1:70/3__WT_2:923/73__IVT_1:2188/168	-0.0033695977968998454
352	6	52995901	ENST00000636484	+	TCCAG	0.10370300658469864	0.18880467721442704	0.5680302535707916	0.3138197179124131	0.0013267177698604367	8.463904996763256e-05	full	2	WT_1:13/56__WT_2:126/831__IVT_1:280/2248	0.23255696224270464
353	6	52995902	ENST00000636484	+	CCAGA	0.7774853828240181	0.4184466389012119	0.10495220319874202	0.24705867413749608	0.004315911687449289	4.559697225828566e-06	full	2	WT_1:37/20__WT_2:725/68__IVT_1:1976/218	-0.051642431801799914
354	6	52995903	ENST00000636484	+	CAGAC	0.8835112318462535	0.033694956263368485	0.8172018003647649	0.2037764114649542	0.31891885277249293	0.00032237188359800207	full	2	WT_1:49/18__WT_2:1025/74__IVT_1:2609/219	-0.026001506555867023
355	6	52995904	ENST00000636484	+	AGACA	0.5470254956723523	0.05199865486342522	0.404744762298298	0.2004095350506594	1.2489284314947277e-06	8.785001725162197e-05	full	2	WT_1:1/76__WT_2:27/1148__IVT_1:82/2931	-0.17880083778240793
356	6	52995905	ENST00000636484	+	GACAC	2.298439628134156e-05	0.05470671203548735	0.18624607193835657	0.1903801077691493	0.0003092097981482943	0.00012080312834009817	full	2	WT_1:17/55__WT_2:331/783__IVT_1:1070/1803	-0.35572515408995964
357	6	52995906	ENST00000636484	+	ACACA	0.43392149213569575	0.028153216853451506	0.5465304338000236	0.07129031382612191	4.6670064901192885e-06	2.927068342800957e-05	full	2	WT_1:19/44__WT_2:390/576__IVT_1:950/1563	0.08231393632474046
358	6	52995907	ENST00000636484	+	CACAT	0.9025353573134686	0.02264207269257282	0.09002085771791064	0.03503104305986098	0.018248456813204705	0.0005980459605662856	full	2	WT_1:23/48__WT_2:488/585__IVT_1:1259/1541	-0.011755775219965717
359	6	52995908	ENST00000636484	+	ACATC	0.10568855195108252	0.1791237593126086	0.018466045285941132	0.05962913798211574	0.0007028986961412931	6.043430637575117e-05	full	2	WT_1:37/35__WT_2:374/689__IVT_1:921/1891	0.15369622055008222
360	6	52995909	ENST00000636484	+	CATCC	0.26748655481971045	0.20515158526455182	0.029337826909697017	0.05686412759549519	0.6122479011131752	0.00041590433971614116	full	2	WT_1:57/18__WT_2:888/203__IVT_1:2196/586	0.12974193462308478
361	6	52995910	ENST00000636484	+	ATCCA	0.16229713081898048	0.17365971412448145	0.9998591249740822	0.04513821905466963	9.666876181721979e-09	0.0007789021760397331	full	2	WT_1:22/47__WT_2:288/582__IVT_1:639/1507	0.1511444650078408
362	6	52995911	ENST00000636484	+	TCCAA	0.7234362469807483	0.27636095215326717	0.4690597807992945	0.08908450397491119	0.02213422438569575	0.0028697596110174553	full	2	WT_1:73/1__WT_2:919/21__IVT_1:2218/57	0.12086753572984697
363	6	52995912	ENST00000636484	+	CCAAA	0.4772360090290302	0.22848453341690342	0.04298330810249606	0.13342021477621638	0.2985083440489635	0.0025884177048822623	full	2	WT_1:61/14__WT_2:868/131__IVT_1:2184/308	-0.10445186619297954
364	6	52995913	ENST00000636484	+	CAAAT	0.6368992982398322	0.22636040561394044	0.21198050514609212	0.1125400196287731	0.262975274463076	0.036073500292317026	full	2	WT_1:9/62__WT_2:144/886__IVT_1:346/2288	0.06808934380940802
365	6	52995914	ENST00000636484	+	AAATG	0.12543023573377438	0.242026348995362	0.16471833788058696	0.12119336709649159	0.4054398198586746	0.08240944836679479	full	2	WT_1:58/11__WT_2:773/330__IVT_1:1924/918	0.14962657939240634
366	6	52995915	ENST00000636484	+	AATGA	0.15457857930970886	0.18890333727843664	0.5915821557948767	0.18418177517450868	0.0010289026660201333	0.07592402105800732	full	2	WT_1:8/66__WT_2:42/1077__IVT_1:165/2753	-0.30163864828336145
367	6	52995916	ENST00000636484	+	ATGAG	0.9732530462921473	0.1390694082344368	0.5915821557948767	0.2240453486285516	0.6872554523317999	0.07183268521142432	full	2	WT_1:22/51__WT_2:353/752__IVT_1:916/1967	0.0036554795666644546
368	6	52995917	ENST00000636484	+	TGAGG	0.16891587042169226	0.2044281994532357	0.1989883478804998	0.3610448294090573	0.21055233740905702	0.04263525784408556	full	2	WT_1:59/14__WT_2:961/156__IVT_1:2395/475	0.17073615665808736
369	6	52995918	ENST00000636484	+	GAGGC	0.1679033265062525	0.22848453341690342	0.4284775229225778	0.4169252657957595	0.2093458384128379	0.08240944836679479	full	2	WT_1:56/13__WT_2:704/385__IVT_1:1902/874	-0.13129103996671232
370	6	52995919	ENST00000636484	+	AGGCG	0.6256155566643428	0.20492131765285113	0.8284587231812754	0.5028810174799161	0.04637331623305918	0.03724029728185048	full	2	WT_1:46/24__WT_2:745/323__IVT_1:1861/861	0.052207724866633894
371	6	52995920	ENST00000636484	+	GGCGC	0.25913362135488033	0.16238382455555994	0.9780687929600852	0.5888441438205964	0.017812883592115355	0.04531648238432551	full	2	WT_1:16/53__WT_2:311/766__IVT_1:848/1888	-0.11654705068399332
372	6	52995921	ENST00000636484	+	GCGCT	0.6256155566643428	0.2357338474321859	0.9923524258265827	0.7240767870961654	0.025832930146496454	0.021459582960279305	full	2	WT_1:70/2__WT_2:1082/25__IVT_1:2797/57	-0.1582991345851532
373	6	52995922	ENST00000636484	+	CGCTG	0.06078229680731619	0.2626937988820442	0.404744762298298	0.7325617676945435	0.48346809546274033	0.03612269175492564	full	2	WT_1:62/9__WT_2:977/134__IVT_1:2445/430	0.24106146641604737
374	6	52995923	ENST00000636484	+	GCTGC	0.7872173925110402	0.31738954359163724	0.8938731322218455	0.3884131521131781	0.00850536138656501	0.0880824083164633	full	2	WT_1:6/66__WT_2:108/1006__IVT_1:287/2573	-0.04302570624732142
375	6	52995924	ENST00000636484	+	CTGCA	0.9150002961255739	0.320899846640713	0.8538623642162202	0.3765708000028816	0.4054510222364542	0.12146721861794302	full	2	WT_1:31/37__WT_2:416/658__IVT_1:1077/1656	-0.010655161961813236
376	6	52995925	ENST00000636484	+	TGCAT	0.5061668551448418	0.5922758458232704	0.09121571024145515	0.5058773371046658	0.7225665583954318	0.13831233165241275	full	2	WT_1:49/18__WT_2:779/279__IVT_1:1938/748	0.07193799690445865
377	6	52995926	ENST00000636484	+	GCATG	0.6622676982241248	0.2999452905685078	0.9068372130262156	0.4169252657957595	0.09967726545545785	0.32294757882207525	full	2	WT_1:2/65__WT_2:45/1000__IVT_1:126/2537	-0.10552303200216086
378	6	52995927	ENST00000636484	+	CATGT	0.4921890126203761	0.242026348995362	0.984163594304437	0.3610448294090573	0.83509739135436	0.35434773910259526	full	2	WT_1:18/48__WT_2:129/895__IVT_1:322/2276	0.10004785045969801
379	6	52995928	ENST00000636484	+	ATGTG	0.08385728083899699	0.28394276553395054	0.5147435885744469	0.5279527978722058	0.271833332701592	0.10192678112124022	full	2	WT_1:9/56__WT_2:205/792__IVT_1:429/2082	0.20435807438967804
380	6	52995929	ENST00000636484	+	TGTGG	0.42170906692660465	0.2357338474321859	0.5279664237986414	0.509786209392054	0.5932090300228892	0.15801011816349475	full	2	WT_1:28/35__WT_2:393/576__IVT_1:1056/1409	-0.08357197097432995
381	6	52995930	ENST00000636484	+	GTGGC	0.9187075848041146	0.16349735215706124	0.4068148405912391	0.3723356056565337	0.004373214270629559	0.08708887723968348	full	2	WT_1:47/10__WT_2:727/212__IVT_1:1870/544	0.012248726282382643
382	6	52995931	ENST00000636484	+	TGGCA	0.32114910220045667	0.2999452905685078	0.8134755930298504	0.4119072357867832	0.5932090300228892	0.10665251203583462	full	2	WT_1:48/8__WT_2:727/150__IVT_1:1914/341	-0.1374138465891548
383	6	52995932	ENST00000636484	+	GGCAG	0.11203720488904068	0.22313441226721212	0.3800034713285039	0.3765708000028816	0.07177574072873147	0.07878765716989146	full	2	WT_1:12/38__WT_2:157/656__IVT_1:488/1629	-0.20414060418859578
384	6	52995933	ENST00000636484	+	GCAGT	0.9390607442890145	0.21929259220567077	0.7231532417287971	0.2911651665302872	0.6297064871327976	0.21679454869696416	full	2	WT_1:21/29__WT_2:252/598__IVT_1:660/1527	0.008549069794648265
385	6	52995934	ENST00000636484	+	CAGTC	0.12687018900952265	0.27085206472228707	0.38929902283386364	0.2633738798212365	0.16805859053343633	0.09920065155568902	full	2	WT_1:23/20__WT_2:534/125__IVT_1:1324/276	-0.22439789156000833
386	6	52995935	ENST00000636484	+	AGTCT	0.8674431440762532	0.34029198173036734	0.1635470707474364	0.18868824700075698	0.29955599517653503	0.09516755907691209	full	2	WT_1:8/30__WT_2:168/457__IVT_1:392/1111	0.025940189661948863
387	6	52995936	ENST00000636484	+	GTCTG	0.7372437420032344	0.20515158526455182	0.5915821557948767	0.12209698716615426	0.024869735843568764	0.09481310609800053	full	2	WT_1:27/27__WT_2:602/229__IVT_1:1497/635	0.03995613375331242
388	6	52995937	ENST00000636484	+	TCTGC	0.2649162096050026	0.28564843020836583	0.10665364046583736	0.15975945927986904	0.05936670870728682	0.11932008849565645	full	2	WT_1:33/19__WT_2:630/180__IVT_1:1544/535	0.14131975466735336
389	6	52995938	ENST00000636484	+	CTGCC	0.1431486946436826	0.14377454643062626	0.16115834927555023	0.24705867413749608	0.6122479011131752	0.007090650247871512	full	2	WT_1:34/7__WT_2:426/286__IVT_1:1045/788	0.16785595187897764
390	6	52995939	ENST00000636484	+	TGCCT	0.474322159597782	0.15594151743619136	0.8442964209037445	0.2975803196208533	0.42864877642421745	0.01732157564081338	full	2	WT_1:27/9__WT_2:531/67__IVT_1:1266/200	0.14124177903934496
391	6	52995940	ENST00000636484	+	GCCTT	0.04641227450559821	0.2146216724653865	0.7561176534037666	0.57387834628335	1.5354641448261651e-06	0.034462572261001946	full	2	WT_1:14/25__WT_2:494/142__IVT_1:1065/455	0.25930824193586
